,source,author,title,description,url,urlToImage,publishedAt,content
0,"{'id': 'cnn', 'name': 'CNN'}","Ben Morse, CNN",Polish javelin thrower Maria Andrejczyk auctions Tokyo 2020 silver medal to help eight-month-old get heart surgery,Polish javelin thrower Maria Andrejczyk has auctioned off her Tokyo 2020 Olympic silver medal to fund urgent heart surgery for an eight-month-old baby.,https://www.cnn.com/2021/08/19/sport/maria-andrejczyk-auction-medal-tokyo-2020-spt-intl/index.html,https://cdn.cnn.com/cnnnext/dam/assets/210819042004-01-maria-andrejczyk-olympics-super-tease.jpg,2021-08-19T09:28:32Z,"(CNN)Polish javelin thrower Maria Andrejczyk has auctioned off her Tokyo 2020 Olympic silver medal to fund urgent heart surgery for an eight-month-old baby. 
The 25-year-old finished first in qualif… [+1925 chars]"
1,"{'id': None, 'name': 'VentureBeat'}",Mike Minotti,Chivalry II passes 1 million copies sold,Developer Torn Banner Studios and publishers Tripwire and Deep Silver announced today that Chivalry II has passed 1 million copies sold.,https://venturebeat.com/2021/08/17/chivalry-ii-passes-1-million-copies-sold/,https://venturebeat.com/wp-content/uploads/2021/04/04_MasonGang_Rudhelm_Screenshot_1920-x1080.jpg?w=1200&strip=all,2021-08-17T14:55:14Z,"A new GamesBeat event is around the corner! Learn more about what comes next. 
Developer Torn Banner Studios and publishers Tripwire and Deep Silver announced today that Chivalry II has passed 1 mil… [+1484 chars]"
2,"{'id': None, 'name': 'HuffPost'}",Ryan Grenoble,Polish Athlete Auctions Olympic Medal To Pay For Infant’s Life-Saving Heart Surgery,"""This silver can save lives, instead of collecting dust in a closet,"" Maria Andrejczyk said.",https://www.huffpost.com/entry/polish-olympian-auctions-medal_n_611d545ce4b0c69681043b1c,https://img.huffingtonpost.com/asset/611d56d3280000a4da71dff3.jpeg?cache=szs0nkwolu&ops=1778_1000,2021-08-18T20:51:01Z,"Just over a month after she won silver at the Tokyo Olympics for the javelin throw, Polish athlete Maria Andrejczyk auctioned off her medal to the highest bidder for $125,000.
The cause: life-saving… [+1711 chars]"
3,"{'id': None, 'name': 'Android Central'}",Christine Persaud,What color of the Samsung Galaxy Tab S7 FE should you choose?,"The Samsung Galaxy Tab S7 FE is here! The ""FE"" designation of its name means this mid-range tablet was designed with fan feedback in mind. Still, you might be trying to decide between the Galaxy Tab S7 FE vs. Galaxy Tab S7, and while productivity specs are of…",https://www.androidcentral.com/what-color-samsung-galaxy-tab-s7-fe,https://www.androidcentral.com/sites/androidcentral.com/files/styles/large/public/article_images/2021/08/samsung-galaxy-tab-s7-fe.jpg,2021-08-18T18:00:03Z,"The Samsung Galaxy Tab S7 FE is here! The ""FE"" designation of its name means this mid-range tablet was designed with fan feedback in mind. Still, you might be trying to decide between the Galaxy Tab … [+4021 chars]"
4,"{'id': None, 'name': 'NPR'}",Joe Hernandez,An Olympian Sold Her Silver Medal To Fund A Boy's Surgery. The Buyer Let Her Keep It,"Maria Magdalena Andrejczyk of Poland announced she would sell her medal in the javelin throw to help fund heart surgery for an 8-month-old. A convenience store chain had the winning bid of $125,000.",https://www.npr.org/2021/08/19/1029380896/toyko-olympics-poland-silver-medal-javelin-auction-infant-heart-surgery,https://media.npr.org/assets/img/2021/08/19/gettyimages-1234534440_wide-3616102dbb34600e51967210e5e9d3b009c1955e.jpg?s=1400,2021-08-19T19:02:16Z,Poland's Maria Magdalena Andrejczyk celebrates her silver medal for the women's javelin throw at the Olympic Stadium in Tokyo on Aug. 7. She auctioned the medal to help fund heart surgery for an 8-mo… [+1381 chars]
5,"{'id': None, 'name': 'Android Central'}",Courtney Lynch,Choose your preferred Samsung Galaxy Watch 4 size,"If you're currently on the fence about whether you should buy the new Samsung Galaxy Watch 4, one of the questions you're probably asking yourself about your size preference. The good news is that among the new models, there are four different Samsung Galaxy …",https://www.androidcentral.com/what-size-samsung-galaxy-watch-4-should-you-buy,https://www.androidcentral.com/sites/androidcentral.com/files/styles/large/public/article_images/2021/08/samsung-galaxy-watch-4-classic-hands-on-7.jpg,2021-08-20T15:00:02Z,"If you're currently on the fence about whether you should buy the new Samsung Galaxy Watch 4, one of the questions you're probably asking yourself about your size preference. The good news is that am… [+3836 chars]"
6,"{'id': 'reuters', 'name': 'Reuters'}",Reuters,Marathon runner El Abbassi suspended for suspected blood doping - Reuters,"Bahraini marathon runner El Hassan El Abbassi has been provisionally suspended after returning an adverse analytical finding for a homologous blood transfusion following a test at the Tokyo Olympics, the Athletics Integrity Unit (AIU) said.",https://www.reuters.com/world/middle-east/marathon-runner-el-abbassi-suspended-suspected-blood-doping-2021-08-19/,https://www.reuters.com/resizer/cPyzRlPAPLyrRhPKhLif-gn-YY0=/1200x628/smart/filters:quality(80)/cloudfront-us-east-2.images.arcpublishing.com/reuters/FJVR5AJ5BJKZXKRRZE7O7MJS54.jpg,2021-08-19T12:35:00Z,"Athletics - 2018 Asian Games - Men's Marathon Medal Ceremony - GBK Main Stadium, Jakarta, Indonesia - August 25, 2018 - Silver medalist El Hassan El Abbassi of Bahrain on the podium. REUTERS/Darren W… [+1255 chars]"
7,"{'id': 'techcrunch', 'name': 'TechCrunch'}",Amanda Silberling,Pokémon Unite is coming to iOS and Android on September 22,"During today’s Pokémon Presents livestream, The Pokémon Company announced that Pokémon Unite will become available for iOS and Android on September 22. The strategic battle game came out for Nintendo Switch in late July, but its arrival on mobile devices will…",http://techcrunch.com/2021/08/18/pokemon-unite-is-coming-to-ios-and-android-on-september-22/,https://techcrunch.com/wp-content/uploads/2021/08/pokemon-legends-arceus.jpeg?w=667,2021-08-18T15:51:58Z,"During today’s Pokémon Presents livestream, The Pokémon Company announced that Pokémon Unite will become available for iOS and Android on September 22. The strategic battle game came out for Nintendo… [+3474 chars]"
8,"{'id': 'reuters', 'name': 'Reuters'}",Eileen Soreng,"PRECIOUS-Gold firms as virus woes dent risk appetite, dollar strength caps gains - Reuters","PRECIOUS-Gold firms as virus woes dent risk appetite, dollar strength caps gains  Reuters",https://www.reuters.com/article/global-precious-idUSL1N2PR03R,https://s1.reutersmedia.net/resources_v2/images/rcom-default.png?w=800,2021-08-20T04:25:00Z,"* Palladium on track for worst week since March 2020
* Silver headed for third straight week of decline
* Dollar hovers near over nine-month peak (Adds comments, updates prices)
Aug 20 (Reuters) -… [+1879 chars]"
9,"{'id': 'reuters', 'name': 'Reuters'}",Arundhati Sarkar,PRECIOUS-Gold eases off one-week high as dollar gains upper hand - Reuters,"* 10-year bond yields at near two-week low (Recasts, adds comments, updates prices)",https://www.reuters.com/article/global-precious-idUSL4N2PO36S,https://s1.reutersmedia.net/resources_v2/images/rcom-default.png?w=800,2021-08-17T14:54:00Z,"* U.S. retail sales drop 1.1% in July
* Silver hits more than one-week peak
* 10-year bond yields at near two-week low (Recasts, adds comments, updates prices)
Aug 17 (Reuters) - Gold prices retre… [+1941 chars]"
10,"{'id': None, 'name': 'Kitco NEWS'}",http://www.facebook.com/kitconews,Gold price modestly up as marketplace still edgy - Kitco NEWS,"<ol><li>Gold price modestly up as marketplace still edgy  Kitco NEWS
</li><li>Gold Price Rise Stalled as the US Dollar and Bond Yields Clash  DailyFX
</li><li>Price of Gold Fundamental Daily Forecast - Patient Traders May Be Waiting for Powell's Speech at J…",https://www.kitco.com/news/2021-08-20/Gold-price-modestly-up-as-marketplace-still-edgy.html,https://www.kitco.com/news/2021-08-20/images/goldchart_0820_am.png,2021-08-20T11:47:00Z,"Editor's Note: With so much market volatility, stay on top of daily news! Get caught up in minutes with our speedy summary of today's must-read news and expert opinions. Sign up here! 
(Kitco News) … [+2965 chars]"
11,"{'id': 'reuters', 'name': 'Reuters'}",Reuters,From Olympics to MLB: David Robertson reaches deal with Rays - Reuters,The Tampa Bay Rays agreed to terms on a contract with reliever David Robertson on Monday.,https://www.reuters.com/lifestyle/sports/olympics-mlb-david-robertson-reaches-deal-with-rays-2021-08-17/,https://www.reuters.com/resizer/H-KHCjlLWEW8bkRXB4R8n8ZAYdQ=/1200x628/smart/filters:quality(80)/cloudfront-us-east-2.images.arcpublishing.com/reuters/VVFT6CPVJJIA7GMYPSHGDTHEYQ.jpg,2021-08-17T00:58:00Z,"Tokyo 2020 Olympics - Baseball - Men - Round 2 Repechage - Dominican Republic v United States - Yokohama Baseball Stadium, Yokohama, Japan - August 4, 2021. David Robertson of the United States in ac… [+950 chars]"
12,"{'id': 'reuters', 'name': 'Reuters'}",Reuters,Coffee SPAC deal relies on caffeinated growth - Reuters,"Tim Hortons China is preparing a strong brew. The division of the Canadian coffee and donuts chain, a joint venture between Restaurant Brands International <a href=""https://www.reuters.com/companies/QSR.TO"" target=""_blank"">(QSR.TO)</a> and private equity firm…",https://www.reuters.com/breakingviews/coffee-spac-deal-relies-caffeinated-growth-2021-08-17/,https://www.reuters.com/resizer/0OHGzqSECPdL3UzUk1AQkVb2EeA=/1200x628/smart/filters:quality(80)/cloudfront-us-east-2.images.arcpublishing.com/reuters/G7WD32OMZRMSFFQB4ECHZGT6GE.jpg,2021-08-17T08:02:00Z,"A barista makes coffee at a café in Beijing, China, May 6, 2017. REUTERS/Thomas PeterHONG KONG, Aug 17 (Reuters Breakingviews) - Tim Hortons China is preparing a strong brew. The division of the Cana… [+2038 chars]"
13,"{'id': None, 'name': 'The Guardian'}",Nick Buckley,"Batman & Robin: time to revisit Joel Schumacher’s maligned, silly and endlessly quotable film",The widely detested 1997 adaptation and its various bizarre spin-offs are worth a reappraisal in this era in which nothing makes senseSerious comic book fans and discerning cinephiles consider director Joel Schumacher’s Batman & Robin from 1997 one of the wor…,https://amp.theguardian.com/culture/2021/aug/18/batman-robin-time-to-revisit-joel-schumachers-maligned-silly-and-endlessly-quotable-film,https://i.guim.co.uk/img/media/627846918c3f297fc2d0d331c511dab4fda5dfcb/196_224_3308_1984/master/3308.jpg?width=1200&height=630&quality=85&auto=format&fit=crop&overlay-align=bottom%2Cleft&overlay-width=100p&overlay-base64=L2ltZy9zdGF0aWMvb3ZlcmxheXMvdGctZGVmYXVsdC5wbmc&enable=upscale&s=fa3c12d83dfae0835377d165af271cc8,2021-08-17T17:30:31Z,Serious comic book fans and discerning cinephiles consider director Joel Schumachers Batman &amp; Robin from 1997 one of the worst films ever made but they are wrong. Its easily more entertaining tha… [+4313 chars]
14,"{'id': 'reuters', 'name': 'Reuters'}",Amal S,CANADA STOCKS-TSX set to snap four-week winning streak as oil tumbles - Reuters,"A slide in Canada's main stock index halted on Friday but it was still on course to snap a four-week winning streak, pulled down by energy stocks as oil prices tumbled on fears of slowing global growth and rising COVID-19 cases.",https://www.reuters.com/article/canada-stocks-idUSL4N2PR307,https://s1.reutersmedia.net/resources_v2/images/rcom-default.png?w=800,2021-08-20T14:25:00Z,"(Adds analyst comment; updates prices)
Aug 20 (Reuters) - A slide in Canadas main stock index halted on Friday but it was still on course to snap a four-week winning streak, pulled down by energy st… [+1651 chars]"
15,"{'id': 'reuters', 'name': 'Reuters'}",Eileen Soreng,PRECIOUS-Gold inches lower as firm dollar overshadows safe-haven appeal - Reuters,"* Palladium extends losses after hitting near 1-month low on Monday (Adds comments, updates prices)",https://www.reuters.com/article/global-precious-idUSL1N2PO02E,https://s1.reutersmedia.net/resources_v2/images/rcom-default.png?w=800,2021-08-17T04:23:00Z,"* U.S. monthly retail sales data due at 1230 GMT
* Palladium extends losses after hitting near 1-month low on Monday (Adds comments, updates prices)
Aug 17 (Reuters) - Gold prices inched lower on T… [+1728 chars]"
16,"{'id': 'reuters', 'name': 'Reuters'}",Jody Godoy,"Week Ahead in Securities: Aug. 23, 2021 - Reuters","Here are some upcoming events of interest to the securities law community. Unless otherwise noted, all times are local.",https://www.reuters.com/legal/litigation/week-ahead-securities-aug-23-2021-2021-08-20/,https://www.reuters.com/resizer/SeYg_x7lA_ANyYxKtn1YrYSD76M=/978x512/smart/filters:quality(80)/cloudfront-us-east-2.images.arcpublishing.com/reuters/TLPXA2WRQNL5JJTMFGVIZFWEGY.jpg,2021-08-20T18:16:00Z,"<ul><li>
Law firms</li><li>
Related documents</li></ul>
The company and law firm names shown above are generated automatically based on the text of the article. We are improving this feature as we… [+4367 chars]"
17,"{'id': 'reuters', 'name': 'Reuters'}","Nandita Bose,David Brunnstrom",Harris faces task of convincing Asia of U.S. reliability after Afghan chaos - Reuters,"Vice President Kamala Harris, in a visit to Singapore and Vietnam next week that aims to counter China's growing influence, will have to contend with a new problem: the collapse of Afghanistan, which has left allies questioning the credibility of U.S. foreign…",https://www.reuters.com/world/us/harris-faces-task-convincing-asia-us-reliability-after-afghan-chaos-2021-08-20/,https://www.reuters.com/resizer/iYEsz0n-d-eQStKN0RnAnlshALM=/1200x628/smart/filters:quality(80)/cloudfront-us-east-2.images.arcpublishing.com/reuters/YIHLA2ZS6VO7LJR7HBJ2DBR7LY.jpg,2021-08-20T05:04:00Z,"U.S. Vice President Kamala Harris discusses the U.S. Senate's passage of the $1 trillion bipartisan infrastructure bill, during a meeting in the State Dining Room at the White House in Washington, U.… [+4542 chars]"
18,"{'id': None, 'name': 'MarketWatch'}",Weston Blasi,": Polish Olympian auctions her silver medal for $125,000 to help pay for a baby’s heart surgery",The winning bidder told Maria Andrejczyk that she can even keep her medal.,https://www.marketwatch.com/story/polish-olympian-auctions-her-silver-medal-for-125-000-to-help-pay-for-a-babys-heart-surgery-11629399472,https://images.mktw.net/im-388437/social,2021-08-19T18:57:00Z,"The Tokyo Olympics have concluded and many Olympians who won medals in Tokyo will cherish those medals for the rest of their lives.This includes Polish Javelin thrower Maria Andrejczyk, 25, who attem… [+1280 chars]"
19,"{'id': 'reuters', 'name': 'Reuters'}",Sruthi Shankar,CANADA STOCKS-Canadian stocks on longest losing streak in over 17 months - Reuters,"Canadian stocks sank to a three-week low on Thursday, with commodity-linked sectors leading the losses, as investor fears of a slowdown in global growth dented oil and metal prices.",https://www.reuters.com/article/canada-stocks-idUSL4N2PQ38Q,https://s1.reutersmedia.net/resources_v2/images/rcom-default.png?w=800,2021-08-19T14:34:00Z,"(Corrects syntax in paragraph 2)
Aug 19 (Reuters) - Canadian stocks sank to a three-week low on Thursday, with commodity-linked sectors leading the losses, as investor fears of a slowdown in global … [+1981 chars]"
20,"{'id': 'reuters', 'name': 'Reuters'}",Reuters,Olympic medallist Seidel to run New York City Marathon - Reuters,"Olympic bronze medallist Molly Seidel will make her New York City Marathon debut in November as part of a field that includes former Boston Marathon champion Des Linden, organisers said on Wednesday.",https://www.reuters.com/lifestyle/sports/olympic-medallist-seidel-run-new-york-city-marathon-2021-08-18/,https://www.reuters.com/resizer/wNHYsgRGvg89DQO2FY72HPSr370=/1200x628/smart/filters:quality(80)/cloudfront-us-east-2.images.arcpublishing.com/reuters/CBSTHQ5ARJNQXHEYEKZFLBB6RQ.jpg,2021-08-18T15:54:00Z,"Tokyo 2020 Olympics - Athletics - Women's Marathon - Medal Ceremony - Olympic Stadium, Tokyo, Japan August 8, 2021. Bronze medallist Molly Seidel of the United States celebrates on the podium REUTERS… [+2150 chars]"
21,"{'id': 'reuters', 'name': 'Reuters'}",Arundhati Sarkar,PRECIOUS-Gold eases as investors brace for U.S. Fed minutes - Reuters,"* Gold hit more than 1-week high on Tuesday (Recasts, adds comment, updates prices)",https://www.reuters.com/article/global-precious-idUSL4N2PP33S,https://s1.reutersmedia.net/resources_v2/images/rcom-default.png?w=800,2021-08-18T14:54:00Z,"* July FOMC minutes due at 1800 GMT
* Gold hit more than 1-week high on Tuesday (Recasts, adds comment, updates prices)
Aug 18 (Reuters) - Gold inched lower on Wednesday as investors awaited cues o… [+1860 chars]"
22,"{'id': 'reuters', 'name': 'Reuters'}",Eileen Soreng,PRECIOUS-Gold gains as virus jitters boost safe-haven appeal - Reuters,PRECIOUS-Gold gains as virus jitters boost safe-haven appeal  Reuters,https://www.reuters.com/article/global-precious-idUSL1N2PP02H,https://s1.reutersmedia.net/resources_v2/images/rcom-default.png?w=800,2021-08-18T03:54:00Z,"* Asian shares pinned near year-to-date lows
* U.S. retail sales fell more than expected in July
* July FOMC minutes due at 1800 GMT (Adds comments, updates prices)
Aug 18 (Reuters) - Gold prices … [+1845 chars]"
23,"{'id': 'reuters', 'name': 'Reuters'}",Brijesh Patel,PRECIOUS-Gold firms on virus anxiety ahead of U.S. Fed minutes - Reuters,PRECIOUS-Gold firms on virus anxiety ahead of U.S. Fed minutes  Reuters,https://www.reuters.com/article/global-precious-idUSL4N2PP20H,https://s1.reutersmedia.net/resources_v2/images/rcom-default.png?w=800,2021-08-18T08:44:00Z,"* July FOMC minutes due at 1800 GMT
* Palladium up more than 1% (Recasts, adds comments, updates prices)
Aug 18 (Reuters) - Gold prices edged higher on Wednesday, as concerns over the spread of the… [+1884 chars]"
24,"{'id': 'reuters', 'name': 'Reuters'}",Reuters,U.S. second-quarter growth likely to be revised higher after slew of strong data - Reuters,"U.S. economic growth for the second quarter is likely to be revised higher following a recent raft of stronger than initially thought data covering that period, which reflected the economy's reopening amid improved public health.",https://www.reuters.com/world/us/us-second-quarter-growth-likely-be-revised-higher-after-slew-strong-data-2021-08-19/,https://www.reuters.com/resizer/MSJX7yteODgWfLexJlAOsU8qLW0=/1200x628/smart/filters:quality(80)/cloudfront-us-east-2.images.arcpublishing.com/reuters/5FXF6HXZNRODNFSL4MJ2YVIBKQ.jpg,2021-08-19T17:56:00Z,"WASHINGTON, Aug 19 (Reuters) - U.S. economic growth for the second quarter is likely to be revised higher following a recent raft of stronger than initially thought data covering that period, which r… [+2236 chars]"
25,"{'id': 'reuters', 'name': 'Reuters'}",Reuters,Swedish goalie Lundqvist retires after 15 NHL seasons - Reuters,Swedish goalie Henrik Lundqvist has announced his retirement from ice hockey after a remarkable career during which he was one of the National Hockey League's (NHL) greatest goalies and also helped lead Sweden to an Olympic gold medal.,https://www.reuters.com/lifestyle/sports/swedish-goalie-lundqvist-retires-after-15-nhl-seasons-2021-08-20/,https://www.reuters.com/resizer/WUu1Ia7hl_0QJMBLSxm7BSpriuA=/1200x628/smart/filters:quality(80)/cloudfront-us-east-2.images.arcpublishing.com/reuters/KBK4TBSU3BO43OLQQE3FZ7TKYM.jpg,2021-08-20T14:17:00Z,"July 13, 2020; Greenburgh, NY, USA; New York Rangers goaltender Henrik Lundqvist during a NHL workout at the Madison Square Garden Training Facility. Mandatory Credit: Nick Homler/New York Rangers vi… [+2070 chars]"
26,"{'id': 'reuters', 'name': 'Reuters'}",Jody Godoy,Ex-JPMorgan metals traders must face racketeering charges: judge - Reuters,A federal judge in Chicago said four former JPMorgan Chase & Co employees must face charges including racketeering in a case accusing them of manipulating the prices of precious metals futures.,https://www.reuters.com/legal/transactional/ex-jpmorgan-metals-traders-must-face-racketeering-charges-judge-2021-08-18/,https://www.reuters.com/resizer/f2jhuqn41X7Kt7pBXiR4Y5b8U58=/800x419/smart/filters:quality(80)/cloudfront-us-east-2.images.arcpublishing.com/reuters/QBXR2TVEBVP2NKY7IOVNSN2WEE.jpg,2021-08-18T18:03:00Z,"JP Morgan Chase &amp; Co corporate headquarters in New York City. REUTERS/Mike Segar
<ul><li>
Summary</li><li>
Law firms</li><li>
Related documents</li></ul>
The company and law firm names shown… [+2533 chars]"
27,"{'id': 'reuters', 'name': 'Reuters'}","Heru Asprihanto,Johan Purnomo",Afghan karate champion fears it's game over for female athletes - Reuters,"Afghan karate champion Meena Asadi pounds the heavy bag as part of her training routine, but she fears female athletes still in her homeland may have already lost their fight to compete now that the Taliban are back in power.",https://www.reuters.com/lifestyle/sports/afghan-karate-champion-fears-its-game-over-female-athletes-2021-08-20/,https://www.reuters.com/resizer/41A6gwxMd0ZIWTrkQIik9tWv9Y8=/1200x628/smart/filters:quality(80)/cloudfront-us-east-2.images.arcpublishing.com/reuters/MR5FY6POJJJQZMVYPYKHOVCPGY.jpg,2021-08-20T04:29:00Z,"CISARUA, Indonesia, Aug 20 (Reuters) - Afghan karate champion Meena Asadi pounds the heavy bag as part of her training routine, but she fears female athletes still in her homeland may have already lo… [+2504 chars]"
28,"{'id': 'reuters', 'name': 'Reuters'}",Brijesh Patel,PRECIOUS Gold ekes out gains as virus fears buoy appeal - Reuters,"Gold edged higher on Friday, helped by worries over a spike in COVID-19 cases that could muddy the global economic outlook, but gains were capped as it had to compete with the dollar to attract investors seeking safe-haven assets.",https://www.reuters.com/world/china/precious-gold-ekes-out-gains-virus-fears-buoy-appeal-2021-08-20/,https://www.reuters.com/pf/resources/images/reuters/reuters-default.png?d=50,2021-08-20T11:57:00Z,"Aug 20 (Reuters) - Gold edged higher on Friday, helped by worries over a spike in COVID-19 cases that could muddy the global economic outlook, but gains were capped as it had to compete with the doll… [+1843 chars]"
29,"{'id': 'reuters', 'name': 'Reuters'}",Brijesh Patel,"PRECIOUS Gold up for fifth day as virus anxiety, weaker yields lift demand - Reuters","Gold extended its winning streak to a fifth session on Tuesday, supported by a drop in U.S. bond yields and worries that a spike in the COVID-19 Delta variant cases could hinder a recovery in the global economy.",https://www.reuters.com/world/india/precious-gold-up-fifth-day-virus-anxiety-weaker-yields-lift-demand-2021-08-17/,https://www.reuters.com/resizer/hR3g5o_DgVINwR3KSfYDzs7SzBM=/1200x628/smart/filters:quality(80)/cloudfront-us-east-2.images.arcpublishing.com/reuters/OYH5X5OK3RJ2RH67RFHWRESL4M.jpg,2021-08-17T09:36:00Z,"Gold bars and coins are stacked in the safe deposit boxes room of the Pro Aurum gold house in Munich, Germany, August 14, 2019. REUTERS/Michael Dalder/File PhotoAug 17 (Reuters) - Gold extended its w… [+1966 chars]"
30,"{'id': 'reuters', 'name': 'Reuters'}",Reuters Staff,PRECIOUS-Gold holds steady near one-week high on virus woes - Reuters,"Gold prices were steady on Tuesday, hovering near an over one-week peak, as support from safe haven demand amid rising Delta variant cases offset pressure from a firmer dollar.",https://www.reuters.com/article/global-precious-idUSL4N2PO09R,https://s1.reutersmedia.net/resources_v2/images/rcom-default.png?w=800,2021-08-17T01:33:00Z,"By Reuters Staff
Aug 17 (Reuters) - Gold prices were steady on Tuesday, hovering near an over one-week peak, as support from safe haven demand amid rising Delta variant cases offset pressure from a … [+1860 chars]"
31,"{'id': 'reuters', 'name': 'Reuters'}","Kane Wu,Julie Zhu",Chinese AI startup SenseTime to file for Hong Kong IPO by end-August -sources - Reuters,"Chinese artificial intelligence startup SenseTime is planning to file for an up to $2 billion initial public offering (IPO) in Hong Kong as soon as the end of this month, three people with direct knowledge of the deal told Reuters.",https://www.reuters.com/technology/chinese-ai-startup-sensetime-file-hong-kong-ipo-by-end-august-sources-2021-08-19/,https://www.reuters.com/resizer/n8OVrbzJPZNGnTSIGWNCRrTwVQs=/1200x628/smart/filters:quality(80)/cloudfront-us-east-2.images.arcpublishing.com/reuters/AQX3XA3TSJK3LL7XWGLDDE7R3A.jpg,2021-08-19T08:25:00Z,"The logo of SenseTime is seen during a government-organised media tour at SenseTime office, in Shanghai, China June 3, 2020. REUTERS/Aly SongHONG KONG, Aug 19 (Reuters) - Chinese artificial intellige… [+3121 chars]"
32,"{'id': 'reuters', 'name': 'Reuters'}","Kane Wu, Julie Zhu",Chinese AI startup SenseTime to file for Hong Kong IPO by end-August -sources - Reuters,"Chinese artificial intelligence startup SenseTime is planning to file for an up to $2 billion initial public offering (IPO) in Hong Kong as soon as the end of this month, three people with direct knowledge of the deal told Reuters.",https://www.reuters.com/article/us-sensetime-ipo-idUSKBN2FK0R4,https://static.reuters.com/resources/r/?m=02&d=20210819&t=2&i=1572339834&r=LYNXMPEH7I0CH&w=800,2021-08-19T08:19:00Z,"HONG KONG (Reuters) - Chinese artificial intelligence startup SenseTime is planning to file for an up to $2 billion initial public offering (IPO) in Hong Kong as soon as the end of this month, three … [+2941 chars]"
33,"{'id': None, 'name': 'Kotaku'}",Mike Fahey,Here's What You'll Actually Do In Pokémon Legends: Arceus,"Pokémon Legends: Arceus is set to break all sorts of new ground. In a first for the Pokémon series, it’s an open-world action role-playing game set in the distant past of the Sinnoh Region. But while we know the January 28 release date, we don’t know much abo…",https://kotaku.com/heres-what-youll-actually-do-in-pokemon-legends-arceus-1847097025,"https://i.kinja-img.com/gawker-media/image/upload/c_fill,f_auto,fl_progressive,g_center,h_675,pg_1,q_80,w_1200/6ae7ef0cebb20053df5ff0ca0ddaa325.png",2021-08-18T13:35:00Z,"Pokémon Legends: Arceus is set to break all sorts of new ground. In a first for the Pokémon series, its an open-world action role-playing game set in the distant past of the Sinnoh Region. But while … [+2085 chars]"
34,"{'id': None, 'name': 'CNET'}",Leslie Katz,Afghanistan's all-girls robotics team frantically trying to flee Taliban - CNET,A human rights lawyer trying to help the girls get to Canada to continue their education fears for their safety after the Taliban takes control of the country.,https://www.cnet.com/news/afghanistans-girls-robotics-team-frantically-trying-to-flee-following-taliban-takeover/,https://www.cnet.com/a/img/LlZlczcKYevNzru2nBx2k1fzdkw=/1200x630/2021/08/16/1832ac0a-5458-4e0e-8f88-69f7242863b5/816250406.jpg,2021-08-18T23:11:00Z,"Members of the Afghan all-girls robotics team work with their robot in the practice area between 2017 FIRST Global Challenge competitions in Washington, DC.
Paul J. Richards/AFP via Getty Images
An… [+3609 chars]"
35,"{'id': None, 'name': 'MarketWatch'}",Mark DeCambre,"Metals Stocks: Gold futures inch higher, aim to snap 3-session string of losses, book weekly gain","Gold futures on Friday head slightly higher, with the precious metal attempting to finish in positive territory for the first time in four sessions and book back-to-back weekly advance.",https://www.marketwatch.com/story/gold-futures-inch-higher-aim-to-snap-3-session-string-of-losses-book-weekly-gain-11629461810,https://images.mktw.net/im-388852/social,2021-08-20T12:16:00Z,"Gold futures were headed slightly higher on Friday, with the precious metal attempting to finish in positive territory for the first time in four sessions and book back-to-back weekly advance. Bullio… [+1341 chars]"
36,"{'id': 'bleacher-report', 'name': 'Bleacher Report'}",Timothy Rapp,Javelin Thrower Maria Andrejczyk Auctions Medal to Help Infant Get Heart Surgery,"Polish javelin thrower Maria Andrejczyk won a silver medal at this summer's Tokyo Games in her event. Rather than keep it, however, she's using it to help a...",https://bleacherreport.com/articles/10010542-javelin-thrower-maria-andrejczyk-auctions-medal-to-help-infant-get-heart-surgery,https://media.bleacherreport.com/image/upload/v1629240590/rjmskxvkfhrphcaxx0h0.jpg,2021-08-17T23:20:33Z,"AP Photo/Martin Meissner
Polish javelin thrower Maria Andrejczyk won a silver medal at this summer's Tokyo Games in her event. Rather than keep it, however, she's using it to help a child in need. … [+1092 chars]"
37,"{'id': None, 'name': 'AppleInsider'}",news@appleinsider.com (Christine McKee),"New Amazon Apple deals: $749 512GB Mac mini, $1,099 M1 MacBook Pro, $500 off 16"" MacBook Pro","Hidden Amazon Apple deals deliver bonus savings at checkout on the latest M1 hardware. Save $150 on the spacious 512GB Mac mini, $200 off the 13-inch MacBook Pro and a staggering $500 off the Core i9 16-inch MacBook Pro.Latest Apple deals at Amazon
To view t…",https://appleinsider.com/articles/21/08/17/new-amazon-apple-deals-749-512gb-mac-mini-1099-m1-macbook-pro-500-off-16-macbook-pro,https://photos5.appleinsider.com/gallery/43817-85227-amazon-apple-sale-macs-xl.jpg,2021-08-17T16:56:16Z,"Hidden Amazon Apple deals deliver bonus savings at checkout on the latest M1 hardware. Save $150 on the spacious 512GB Mac mini, $200 off the 13-inch MacBook Pro and a staggering $500 off the Core i9… [+1194 chars]"
38,"{'id': None, 'name': 'StockNews.com'}",Patrick Ryan,Scoop Up These 3 Lesser-Known Gold Stocks Now,Gold stocks have underperformed so far this year but the group's fundamentals remain attractive as inflationary pressures continue to build and moneta...,https://stocknews.com/news/jaggf-arngf-torxf-scoop-up-these-3-lesser-known-gold-stocks-now/,https://assets.entrepreneur.com/providers/stocknews/hero-image-stocknews-380841-1629471750.jpeg,2021-08-20T13:38:55Z,"Below, we provide a look at three gold stocks every investor should consider yet might not know about. Those gold stocks are Torex Gold Resources (TORXF), Argonaut Gold (ARNGF), and Jaguar Mining (JA… [+3459 chars]"
39,"{'id': None, 'name': 'Jalopnik'}",Jason Torchinsky,Blip: Feel The Dampness,"Man, 1970s Peugeot really knew how to set a mood. What viewer of this photo didn’t look at that dude in the what seem to be shiny silver pants or that woman, slowly feeling the cold, damp of that mossy rock slowly and steadily saturate the seat of her jeans a…",https://jalopnik.com/blip-feel-the-dampness-1847523952,"https://i.kinja-img.com/gawker-media/image/upload/c_fill,f_auto,fl_progressive,g_center,h_675,pg_1,q_80,w_1200/1198501a3879c2407ffb4790f236f5cd.jpg",2021-08-20T12:45:00Z,"Man, 1970s Peugeot really knew how to set a mood. What viewer of this photo didnt look at that dude in the what seem to be shiny silver pants or that woman, slowly feeling the cold, damp of that moss… [+228 chars]"
40,"{'id': None, 'name': 'Gamasutra'}",Staff,Get a job: Deep Silver Volition is hiring a Senior Environment Artist,Volition is looking for a Senior Environment Artist to help us build the world for the next Saints Row title. ...,https://www.gamasutra.com/view/news/387031/Get_a_job_Deep_Silver_Volition_is_hiring_a_Senior_Environment_Artist.php?utm_source=feedburner&utm_medium=feed&utm_campaign=Feed%3A+GamasutraFeatureArticles+%28Gamasutra+Feature+Articles%29,http://www.gamasutra.com/db_area/images/news/2021/Aug/387031/volitionthumb.jpg,2021-08-18T18:19:00Z,"The Gamasutra Job Board is the most diverse, active and established board of its kind for the video game industry!
Here is just one of the many, many positions being advertised right now.
Location:… [+2706 chars]"
41,"{'id': 'reuters', 'name': 'Reuters'}","Karin Strohecker, Simon Lewis, David Lawder",ANALYSIS-Afghan central bank's $10 billion stash not all within reach of Taliban - Reuters,ANALYSIS-Afghan central bank's $10 billion stash not all within reach of Taliban  Reuters,https://www.reuters.com/article/afghanistan-conflict-cenbank-idUSL8N2PO36K,https://s1.reutersmedia.net/resources_v2/images/rcom-default.png?w=800,2021-08-17T20:49:00Z,"* Central bank assets include $1.3 bln gold reserves held in New York
* Foreign currency cash was kept in branches, presidential palace
* UNESCO: Vaults also home to 2,000-year-old Bactrian Treasur… [+5982 chars]"
42,"{'id': 'reuters', 'name': 'Reuters'}","Karin Strohecker,Simon Lewis,David Lawder",Analysis: Afghan central bank's $10 billion stash not all within reach of Taliban - Reuters,"The insurgent Taliban took over Afghanistan with astonishing speed, but it appears unlikely that it will prove equally as fast in gaining control of most of the Afghan central bank’s roughly $10 billion in assets.",https://www.reuters.com/world/asia-pacific/afghan-central-banks-10-billion-stash-not-all-within-reach-taliban-2021-08-17/,https://www.reuters.com/resizer/mxh01pwer06Demk40LOyGfOtNTc=/1200x628/smart/filters:quality(80)/cloudfront-us-east-2.images.arcpublishing.com/reuters/GXFSRMHTQ5JVLPACUKRP5HFZFI.jpg,2021-08-17T20:55:00Z,"A money changer holds a stack of Afghan currency on a street in central Kabul April 2, 2014. REUTERS/Tim Wimborne LONDON/WASHINGTON Aug 17 (Reuters) - The insurgent Taliban took over Afghanistan with… [+5885 chars]"
43,"{'id': None, 'name': 'MarketWatch'}",Mark DeCambre,"Metals Stocks: Gold futures edge up, with Fed minutes on deck","Gold futures inch higher Wednesday as investors await minutes from the Federal Reserve's late-July meeting, looking for clues about the timetable for the central bank's rollback of crisis-era accommodations.",https://www.marketwatch.com/story/gold-futures-edge-up-with-fed-minutes-on-deck-11629291518,https://images.mktw.net/im-215600/social,2021-08-18T12:58:00Z,"Gold futures inched higher on Wednesday as investors awaited minutes from the Federal Reserves late-July meeting, looking for clues about the timetable for the central banks rollback of crisis-era ac… [+2385 chars]"
44,"{'id': 'reuters', 'name': 'Reuters'}",Rachel Savage,INTERVIEW-'Authentically myself' beats medals for non-binary U.S. Olympic skateboarder - Reuters,"Alana Smith's teenage years were not the stuff of Olympic dreams: drugs, abuse and struggles with mental health.",https://www.reuters.com/article/olympics-lgbt-skateboarding-idUSL8N2PI332,https://s1.reutersmedia.net/resources_v2/images/rcom-default.png?w=800,2021-08-18T15:45:00Z,"LONDON, Aug 18 (Thomson Reuters Foundation) - Alana Smiths teenage years were not the stuff of Olympic dreams: drugs, abuse and struggles with mental health.
Yet the 20-year-old skateboarder overcam… [+3754 chars]"
45,"{'id': 'reuters', 'name': 'Reuters'}",Sophie Penney,Warholm warns shoe technology could hurt credibility - Reuters,"Norwegian hurdler Karsten Warholm is not against innovation in sports but feels the new carbon-technology shoes are hurting athletes' credibility, the men's 400 metres hurdles champion at the Tokyo Olympics told Reuters.",https://www.reuters.com/lifestyle/sports/warholm-warns-shoe-technology-could-hurt-credibility-2021-08-18/,https://www.reuters.com/resizer/emdMSbrHn7YYSbt7nUv8A9NUHJU=/1200x628/smart/filters:quality(80)/cloudfront-us-east-2.images.arcpublishing.com/reuters/YVB4JYWZ7RKQHO6BAC6IECHLWY.jpg,2021-08-18T14:57:00Z,"Tokyo 2020 Olympics - Athletics - Men's 400m Hurdles - Final - Olympic Stadium, Tokyo, Japan - August 3, 2021. Karsten Warholm of Norway reacts after winning gold and setting a new world record REUTE… [+3586 chars]"
46,"{'id': None, 'name': 'XDA Developers'}",João Carrasqueira,What colors does the HP Pavilion Aero 13 come in?,"By now, you’ve probably heard about the HP Pavilion Aero. Touted as the lightest consumer laptop in HP’s lineup, this is an incredibly promising device, and potentially one of HP’s best. It weighs less than 2.2lbs (or less than 1kg), but it still has a solid …",https://www.xda-developers.com/hp-pavilion-aero-colors/,https://www.xda-developers.com/files/2021/06/HP-PAvilion-Aero-3.jpg,2021-08-17T19:30:07Z,"By now, you’ve probably heard about the HP Pavilion Aero. Touted as the lightest consumer laptop in HP’s lineup, this is an incredibly promising device, and potentially one of HP’s best. It weighs le… [+2645 chars]"
47,"{'id': None, 'name': 'Android Central'}",Courtney Lynch,These are the best Samsung Galaxy Watch 4 Classic bands you can buy,"If you're looking for a classy smartwatch that's packed with health and fitness features, you might end up buying the Samsung Galaxy Watch 4. Your next order of business is to find a suitable band. Whether you're a personal trainer or a casual runner, there a…",https://www.androidcentral.com/best-bands-samsung-galaxy-watch-4-classic,https://www.androidcentral.com/sites/androidcentral.com/files/styles/large/public/article_images/2021/08/samsung-galaxy-watch-4-classic-lifestyle-color-spread.jpg,2021-08-19T18:00:02Z,"Best
bands for Samsung Galaxy Watch 4 Classic
Android Central2021
If you're looking for a classy smartwatch that's packed with health and fitness features, you might end up buying the Samsung Gala… [+4262 chars]"
48,"{'id': None, 'name': 'Slickdeals.net'}",rahb0sse,Apple Watch Series 6 44mm GPS Smartwatch w/ Silver Aluminum Case $355 + Free Shipping,"Amazon.com has Apple Watch Series 6 44mm GPS Smartwatch w/ Silver Aluminum Case (White Sport Band) on sale for $354.98. Shipping is free.

Walmart.com also Apple Watch Series 6 44mm GPS Smartwat ...",https://slickdeals.net/f/15214420-apple-watch-series-6-44mm-gps-smartwatch-w-silver-aluminum-case-355-free-shipping,https://static.slickdealscdn.com/attachment/1/6/7/9/8/1/2/10459009.attach,2021-08-19T17:18:09Z,Amazon.com has Apple Watch Series 6 44mm GPS Smartwatch w/ Silver Aluminum Case (White Sport Band) on sale for $354.98. Shipping is free.Walmart.com also Apple Watch Series 6 44mm GPS Smartwatch w/ S… [+311 chars]
49,"{'id': None, 'name': 'GSMArena.com'}",Sagar,Realme GT 5G Racing Yellow Leather Edition hands-on,"The Realme GT 5G unveiled in March finally made its debut in India today with three color options - Dashing Blue, Dashing Silver, and Racing Yellow. The last one flaunts an exclusive Dual-Tone Leather Design, and we got a chance to spend some time with it, so…",https://www.gsmarena.com/realme_gt_5g_racing_yellow_leather_edition_hands_on_review-news-50563.php,https://fdn.gsmarena.com/imgroot/news/21/08/realme-gt-5g-racing-yellow-leather-edition-hands-on/-476x249w4/gsmarena_000.jpg,2021-08-18T17:22:01Z,"The Realme GT 5Gunveiled in March finally made its debut in India today with three color options - Dashing Blue, Dashing Silver, and Racing Yellow. The last one flaunts an exclusive Dual-Tone Leather… [+2337 chars]"
50,"{'id': None, 'name': 'Android Central'}",Daniel Bader,Samsung Galaxy Watch 4 & Watch 4 Classic review: Just in time,"Samsung nails the fundamentals with its new Google-powered smartwatches.

If you're hoping for a ""this changes everything"" moment, a deep exhale after years of pent-up frustration, this isn't it. It's not the electric shock that's going to revive the dying pa…",https://www.androidcentral.com/samsung-galaxy-watch-4-review,https://www.androidcentral.com/sites/androidcentral.com/files/styles/large/public/article_images/2021/08/samsung-galaxy-watch-4-review-12.jpg,2021-08-20T16:03:00Z,"Source: Daniel Bader / Android Central
If you're hoping for a ""this changes everything"" moment, a deep exhale after years of pent-up frustration, this isn't it. It's not the electric shock that's go… [+27110 chars]"
51,"{'id': None, 'name': 'The Indian Express'}",Express News Service,"Gujarat: Industrialists, businessmen to weigh Mandaviya in silver at Khodaldham","Mandaviya, will be the third eminent person and second leader of the Bharatiya Janata Party (BJP) to be weighed in silver at Khodaldham. SKT president Naresh Patel and BJP’s Gujarat unit president CR Paatil have been weighed in silver at the temple in the pas…",https://indianexpress.com/article/cities/rajkot/gujarat-industrialists-businessmen-to-weigh-mandaviya-in-silver-at-khodaldham-7460549/,https://images.indianexpress.com/2021/08/mansukh-759-1-1.jpg,2021-08-18T22:12:58Z,Industrialists and businessmen from the Patidar community will weigh Union Health Minister Mansukh Mandaviya in silver during his scheduled visit to Khodaldham near Gondal in Rajkot district on Thurs… [+1647 chars]
52,"{'id': None, 'name': 'Linuxtoday.com'}",Web Webster,Silver Searcher – A Code Searching Tool Similar to Ack,"The Silver Searcher is a reputable command line code-searching tool that is attributed to be cross-platform, open-source, and free. It shares most of its functional attributes with grep’s plain-text search features. The primary difference between these two to…",https://www.linuxtoday.com/developer/silver-searcher-a-code-searching-tool-similar-to-ack/,https://www.linuxtoday.com/wp-content/uploads/2021/07/Linux_opengraph_square2-01.png,2021-08-17T18:45:29Z,"The Silver Searcher is a reputable command line code-searching tool that is attributed to be cross-platform, open-source, and free. It shares most of its functional attributes with greps plain-text s… [+123 chars]"
53,"{'id': None, 'name': 'Android Community'}",Ida Torres,"Samsung reveals pre-order details for Galaxy Buds 2, Galaxy Watch 4","Now that we’ve officially found out all we need to know about Samsung’s new devices, the next phase would be pre-ordering and waiting for when it will be officially available. Since Samsung is a Korean brand, it’s that they first become available in their hom…",https://androidcommunity.com/samsung-reveals-pre-order-details-for-galaxy-buds-2-galaxy-watch-4-20210817/,https://cdn.androidcommunity.com/wp-content/uploads/2021/08/Samsung-Galaxy-Watch-4-Series-A.jpeg,2021-08-17T12:16:36Z,"Now that we’ve officially found out all we need to know about Samsung’s new devices, the next phase would be pre-ordering and waiting for when it will be officially available. Since Samsung is a Kore… [+2029 chars]"
54,"{'id': None, 'name': 'Destructoid'}",Jordan Devore,"Saints Row dropped off a ‘rebooting’ teaser right before gamescom, and it’s ‘not a remaster or remake’","The writing’s on the wall — literally! Right before gamescom 2021, Deep Silver and Volition have begun teasing something new...
The post Saints Row dropped off a ‘rebooting’ teaser right before gamescom, and it’s ‘not a remaster or remake’ appeared first on D…",https://www.destructoid.com/saints-row-rebooting-gamescom-teaser/,https://www.destructoid.com/wp-content/uploads/2021/08/Saints-Row-rebooting-teaser-image-scaled.jpg,2021-08-20T18:30:13Z,"Right before gamescom 2021, Deep Silver and Volition have begun teasing something new for the Saints Row series, which has been quietly percolating since 2015’s Saints Row: Gat Out of Hell. Is it get… [+1185 chars]"
55,"{'id': None, 'name': 'Touch Arcade'}",Jared Nelson,‘Warhammer Quest: Silver Tower’ Gets Two New Champions and More in New “Fyre and Sorcery” Update,Perchang's Warhammer Quest: Silver Tower continues its pace of near-monthly content updates with a brand new expansion this week that they're dubbing the Fyre and Sorcery update. The first half of this update features two brand new Champions to play with. The…,https://toucharcade.com/2021/08/19/warhammer-quest-silver-tower-fyre-and-sorcery-update-iphone-ipad-android/,https://toucharcade.com/wp-content/uploads/2021/08/fyresorceryfeat.jpg,2021-08-19T22:57:40Z,Perchang’s Warhammer Quest: Silver Tower continues its pace of near-monthly content updates with a brand new expansion this week that they’re dubbing the Fyre and Sorcery update. The first half of th… [+1002 chars]
56,"{'id': None, 'name': 'The Guardian'}",Guardian sport,The Knowledge | Which international player has the best strike rate against a single team?,"Plus: Milinko Pantic’s supreme feat in a humiliating defeat, the ‘91 club’ and successive seasons of improvementMail us your questions or tweet @TheKnowledge_GU“Former Dutch international John Bosman scored nine of his 17 (52.9%) international goals against o…",https://amp.theguardian.com/football/2021/aug/18/the-knowledge-best-international-strike-rate-against-one-team,https://i.guim.co.uk/img/media/5d3c9f7b02d470473523fd120a1061864ac33743/0_160_5000_3001/master/5000.jpg?width=1200&height=630&quality=85&auto=format&fit=crop&overlay-align=bottom%2Cleft&overlay-width=100p&overlay-base64=L2ltZy9zdGF0aWMvb3ZlcmxheXMvdGctZGVmYXVsdC5wbmc&enable=upscale&s=b4d953dad5c57b9229ded54ac0bcf473,2021-08-18T07:00:47Z,"Former Dutch international John Bosman scored nine of his 17 (52.9%) international goals against one side, Cyprus. Has anyone with such a decent international return ever had a better strike-rate aga… [+6532 chars]"
57,"{'id': None, 'name': 'The Guardian'}",Joanna Partridge,‘A perfect storm’: UK beet growers fear Brexit threatens their future,"They produce half the country’s sugar needs, but expect new trade deals to make their tough situation worseIn a field in Norfolk, the sight of lush green leaves sprouting from the soil are giving farmer Ed Lankfer cause for optimism. “I think this is one of t…",https://amp.theguardian.com/politics/2021/aug/18/uk-beet-growers-fear-brexit-threatens-their-future,https://i.guim.co.uk/img/media/fee49ef7127cb6d8e7c79e74b530b52fc51c1dca/0_169_5000_3000/master/5000.jpg?width=1200&height=630&quality=85&auto=format&fit=crop&overlay-align=bottom%2Cleft&overlay-width=100p&overlay-base64=L2ltZy9zdGF0aWMvb3ZlcmxheXMvdGctZGVmYXVsdC5wbmc&enable=upscale&s=ae1ee1a5d432a458e3c8b83c28a516aa,2021-08-18T16:16:56Z,"In a field in Norfolk, the sight of lush green leaves sprouting from the soil are giving farmer Ed Lankfer cause for optimism. I think this is one of the best crops we have ever grown, he says, surve… [+7340 chars]"
58,"{'id': None, 'name': 'Boing Boing'}",David Pescovitz,Instructions for the Zero Gravity Toilet in 2001,"In 2001: A Space Odyssey, natural calls for Heywood Floyd. Fortunately, there are very detailed instructions posted on how to use the Zero Gravity Toilet. (This is Kurbick, after all.) Also fortunately, the toilet is apparently the ""standard zero-gravity type…",https://boingboing.net/2021/08/17/instructions-for-the-zero-gravity-toilet-in-2001.html,https://i2.wp.com/boingboing.net/wp-content/uploads/2021/08/screenshot-71.jpg?fit=1046%2C780&ssl=1,2021-08-17T17:22:42Z,"In 2001: A Space Odyssey, natural calls for Heywood Floyd. Fortunately, there are very detailed instructions posted on how to use the Zero Gravity Toilet. (This is Kurbick, after all.) Also fortunate… [+5041 chars]"
59,"{'id': None, 'name': 'Yahoo Entertainment'}",Nate Day,Lucy Hale soaks up some sun in teeny-tiny bikini during Hawaiian vacation,"""Trouble"" star Lucy Hale was seen wearing a skimpy green bikini in Maui while spending time with a mystery man.",https://news.yahoo.com/lucy-hale-soaks-sun-teeny-020254848.html,https://s.yimg.com/cv/apiv2/social/images/yahoo_default_logo-1200x1200.png,2021-08-18T02:02:54Z,"Lucy Hale is enjoying her time in the sun.
The 32-year-old actress was recently spotted during a beach day in Maui, Hawaii while chatting with a mystery man.
For the outing, Hale wore a small, patt… [+1355 chars]"
60,"{'id': None, 'name': 'BGR'}",Chris Hachey,"5 Best Women’s Watches 2021: Michael Kors, Anne Klein, more","A bare wrist can, at times, make you feel naked. This goes double for women, who always seem to have some form of jewelry wrapped around their wrist. However, there’s arguably no better cure for a barren radiocarpal joint (yeah, we’re getting scientific over …",https://bgr.com/guides/best-womens-watches/,https://bgr.com/wp-content/uploads/2019/07/81dmlchoqol._ux522_.jpg?quality=70&strip=all,2021-08-20T17:20:06Z,"A bare wrist can, at times, make you feel naked. This goes double for women, who always seem to have some form of jewelry wrapped around their wrist. However, there’s arguably no better cure for a ba… [+5640 chars]"
61,"{'id': None, 'name': 'The Indian Express'}",Trends Desk,"Olympian auctions off her silver medal to raise funds for infant’s heart surgery, earns plaudits online",Polish javelin thrower Maria Andrejczyk auctioned off her silver medal won at the 2020 Tokyo Olympics in order to pay for an eight-month-old boy's heart surgery.,https://indianexpress.com/article/trending/trending-globally/maria-andrejczyk-auction-silver-medal-raise-funds-for-baby-heart-surgery-7459613/,https://images.indianexpress.com/2021/08/olympian-medal-auction-to-help-infant-surgery.jpg,2021-08-18T12:36:30Z,"Winning a medal at the Olympics is probably a life-long dream of every athlete, a culmination of their hard-work, grit and determination. However, one Olympics medallist is winning hearts online for … [+3693 chars]"
62,"{'id': None, 'name': 'Jalopnik'}",Adam Ismail,Some Jerks In Camaros Stopped Traffic To Do Burnouts On The NJ Turnpike,"Whenever I take the New Jersey Turnpike anywhere — which I generally try to avoid doing as much as possible — it kind of happens in a fugue state. I’m not conscious as I’m driving it, I repress it once it’s over, but I’m still left with that overriding feelin…",https://jalopnik.com/some-assholes-in-camaros-stopped-traffic-to-do-burnouts-1847500633,"https://i.kinja-img.com/gawker-media/image/upload/c_fill,f_auto,fl_progressive,g_center,h_675,pg_1,q_80,w_1200/13dd6c78a4376915d3cabcd19164226d.gif",2021-08-17T16:35:00Z,"Whenever I take the New Jersey Turnpike anywhere which I generally try to avoid doing as much as possible it kind of happens in a fugue state. Im not conscious as Im driving it, I repress it once its… [+2147 chars]"
63,"{'id': 'business-insider', 'name': 'Business Insider'}",insider@insider.com (Stavros Atlamazoglou),"With new medals 30 years after 'Black Hawk Down,' members of Army's secretive Delta Force say they're the 'same deadly fighting machine'","""I guess it's something that the task force's fighting spirit is universally recognized after so many years,"" a former Delta Force member told Insider.",https://www.businessinsider.com/former-delta-force-members-remember-somalia-black-hawk-down-mission-2021-8,https://i.insider.com/611c2e77c040ad0018cecf6b?width=1200&format=jpeg,2021-08-17T22:11:08Z,"Almost 30 years ago, members of the special-operations unit Task Force Ranger fought for their lives in one of the toughest battles since the Vietnam War.
The battle in Mogadishu, Somalia popularize… [+6415 chars]"
64,"{'id': None, 'name': 'HYPEBEAST'}","info@hypebeast.com (HYPEBEAST), HYPEBEAST",CASETiFY Readies the Release of Its ‘Space Jam: A New Legacy’ Capsule,CASETiFY has built on its recent release with KFC by unveiling its latest upcoming collaboration that celebrates the release of Malcolm D. Lee’s Space Jam: A New Legacy.The Hong Kong-based label -- who last year dropped a Looney Tunes-inspired capsule -- has …,https://hypebeast.com/2021/8/casetify-space-jam-collaboration-release-info,https://image-cdn.hypb.st/https%3A%2F%2Fhypebeast.com%2Fimage%2F2021%2F08%2Fcasetify-space-jam-collaboration-release-info-TW.jpg?w=960&cbr=1&q=90&fit=max,2021-08-18T20:36:13Z,"CASETiFY has built on its recent release with KFC by unveiling its latest upcoming collaboration that celebrates the release of Malcolm D. Lees Space Jam: A New Legacy.
The Hong Kong-based label — w… [+776 chars]"
65,"{'id': None, 'name': 'Forbes'}","Hugh McIntyre, Contributor, 
 Hugh McIntyre, Contributor
 https://www.forbes.com/sites/hughmcintyre/",BTS Score Their First Platinum Single In The U.K. With ‘Dynamite’,"In exactly one year, “Dynamite” has gone silver, then gold, and now platinum in the U.K.",https://www.forbes.com/sites/hughmcintyre/2021/08/20/bts-score-their-first-platinum-single-in-the-uk-with-dynamite/,https://thumbor.forbes.com/thumbor/fit-in/1200x0/filters%3Aformat%28jpg%29/https%3A%2F%2Fspecials-images.forbesimg.com%2Fimageserve%2F5f4d352d3a60d4a7438b5a83%2F0x0.jpg,2021-08-20T18:29:50Z,"South Korean boy band BTS arrives for the KIIS FM's iHeartRadio Jingle Ball at the Forum Los Angeles ... [+] in Inglewood, California on December 6, 2019. (Photo by Jean-Baptiste LACROIX / AFP) (Phot… [+2164 chars]"
66,"{'id': None, 'name': 'The Indian Express'}",PTI,"After Olympics, Mirabai Chanu eyes Asian Games medal","Mirabai Chanu had ended India's over two-decade long wait for a weightlifting medal at the Olympics, clinching the 49kg category silver medal at the Tokyo Games.",https://indianexpress.com/article/sports/sport-others/after-olympics-mirabai-chanu-eyes-asian-games-medal-7458324/,https://images.indianexpress.com/2021/07/mirabhai-1.jpg,2021-08-17T12:39:22Z,Olympic silver medallist Saikhom Mirabai Chanu on Tuesday said her next target is to win a medal at the 2022 Asian Games and she also aims to change the colour of her medal to gold at the Paris Olymp… [+2371 chars]
67,"{'id': None, 'name': 'Entrepreneur'}",Dr. Dan Harrison,Why Everything You Know About Employee Engagement Is Wrong,"If your employees are less than engaged at work, you might just be making these common mistakes.",https://www.entrepreneur.com/article/379258,https://assets.entrepreneur.com/content/3x2/2000/1628883969-shutterstock-511304944.jpg,2021-08-18T17:00:00Z,"August
18, 2021
6 min read
Opinions expressed by Entrepreneur contributors are their own.
One of the biggest lessons you probably learned in 2020 was that employee engagement matters. According t… [+7124 chars]"
68,"{'id': None, 'name': 'Adafruit.com'}",Pedro,Articulated Bender #3DPrinting #3DThursday,"jhb shares: 57cm tall Bender with articulated arms and legs with storage space inside the body. Assembly is very simple and intuitive. Some parts are glued, some are assembled together by clips. My reccomendation for better stability of the assembled Bender i…",https://blog.adafruit.com/2021/08/19/articulated-bender-3dprinting-3dthursday/,https://cdn-blog.adafruit.com/uploads/2021/08/Articulated-Bender.jpg,2021-08-19T09:00:20Z,"August 19, 2021 AT 5:00 am
Articulated Bender #3DPrinting #3DThursday
jhb shares: 
57cm tall Bender with articulated arms and legs with storage space inside the body.
Assembly is very simple and … [+4383 chars]"
69,"{'id': None, 'name': 'Forbes'}","Jill Griffin, Contributor, 
 Jill Griffin, Contributor
 https://www.forbes.com/sites/jillgriffin/",How This Digital Entrepreneur Leveraged The Pandemic’s “Silver Lining”,The remote workplace became the aspirin that solved the business and government continuity issues for millions of businesses around the world.,https://www.forbes.com/sites/jillgriffin/2021/08/17/how-this-digital-entrepreneur-leveraged-the-pandemics-silver-lining/,https://thumbor.forbes.com/thumbor/fit-in/1200x0/filters%3Aformat%28jpg%29/https%3A%2F%2Fspecials-images.forbesimg.com%2Fimageserve%2F611c10c2ae36f5a447f23aeb%2F0x0.jpg%3FcropX1%3D0%26cropX2%3D1901%26cropY1%3D9%26cropY2%3D1079,2021-08-17T19:46:17Z,"Silvina Moschini, President and Founder of Transparent Business, and CEO and Founder of SheWorks! 
S. Moschini
Silvina Moschini is the first Latin American woman to lead a company that achieved uni… [+7814 chars]"
70,"{'id': None, 'name': 'Windows Central'}",Zachary Boddy,A new Saints Row game may appear at Gamescom Opening Night Live,"A new Saints Row game could finally be on the way

What you need to know


The Saints Row franchise is full of quirky, chaotic, and dark open-world adventure games.
However, the series has fallen in popularity in recent years, with no all-new entries since 20…",https://www.windowscentral.com/saints-row-game-tease-gamescom-2021,https://www.windowscentral.com/sites/wpcentral.com/files/styles/large/public/field/image/2021/05/saints-row-the-third-remastered-screenshot-07.jpg,2021-08-20T18:44:34Z,"After the disappointing release of Saints Row IV, the chaotic and humorous Saints Row franchise has languished without a single new game. Saints Row: The Third Remastered was an excellent revival of … [+1567 chars]"
71,"{'id': None, 'name': 'HYPEBEAST'}","info@hypebeast.com (HYPEBEAST), HYPEBEAST","Here's an Official Look at the Nike Air Force 1 '07 LX ""Turtle""","Following the ""Milky Stork"" AF1 inspired by the Japanese crane, Nike has revealed another animal-inspired Air Force 1 '07 LX.The Nike Air Force 1 ""Turtle"" features dark olive tumbled leather uppers and khaki suede overlays on the Nike Swoosh and heel tab. Gol…",https://hypebeast.com/2021/8/nike-air-force-1-07-lx-turtle-da8482-200-release-info,https://image-cdn.hypb.st/https%3A%2F%2Fhypebeast.com%2Fimage%2F2021%2F08%2Fnike-air-force-1-07-lx-turtle-da8482-200-release-info-tw.jpg?w=960&cbr=1&q=90&fit=max,2021-08-20T10:52:24Z,"Following the “Milky Stork” AF1 inspired by the Japanese crane, Nike 
has revealed another animal-inspired Air Force 1 ‘07 LX.
The Nike Air Force 1 “Turtle” features dark olive tumbled leather uppe… [+538 chars]"
72,"{'id': None, 'name': 'Autoblog'}",Ronan Glon,Bentley hits two milestones nearly a century apart at the same time,"Filed under:
 Design/Style,Bentley,Convertible,Luxury,Performance
 Continue reading Bentley hits two milestones nearly a century apart at the same time
Bentley hits two milestones nearly a century apart at the same time originally appeared on Autoblog on Fri,…",https://www.autoblog.com/2021/08/20/bentley-bacalar-1929-blower-first-examples-photos-details/,https://o.aolcdn.com/images/dims3/GLOB/legacy_thumbnail/1062x597/format/jpg/quality/100/https://s.aolcdn.com/os/ab/_cms/2021/08/20093243/bentley-mulliner-first-bacalar-blower-11.jpg,2021-08-20T13:25:00Z,"Bentley's Mulliner division completed two customer cars that couldn't be more different. It finished the first Bacalar, a futuristic-looking roadster related to the Continental GT, and it wrapped up … [+2302 chars]"
73,"{'id': None, 'name': 'BuzzFeed News'}",Margaret Kingsbury,15 Science Fiction And Fantasy Film And TV Adaptations To Look Forward To,"From the highly anticipated Warner Bros. adaptation of Dune to Octavia Butler's Kindred, here are 15 TV shows or movies out this fall and winter you'll want to watch.View Entire Post ›",https://www.buzzfeednews.com/article/margaretkingsbury/science-fiction-fantasy-adaptations-dune-lord-of-the-rings,https://img.buzzfeed.com/buzzfeed-static/static/2021-08/17/16/campaign_images/504786404c05/15-science-fiction-and-fantasy-screen-adaptations-2-6732-1629218350-0_dblbig.jpg?resize=1200:*,2021-08-17T16:51:12Z,"What its about: Originally published as short stories in 1942, the series by famed science fiction author Isaac Asimov then turned into a trilogy of novels set in planets across the galaxy all ruled … [+11491 chars]"
74,"{'id': None, 'name': 'Android Community'}",Ida Torres,Fitbit brings designer accessories to Sense and Versa 3 smartwatches,Some people are satisfied with the wristbands that come with their wearables while some would prefer to have the option to change them every once in a while. Fitbit has partnered with various brands to bring designer accessories to their wearables and smartwa…,https://androidcommunity.com/fitbit-brings-designer-accessories-to-sense-and-versa-3-smartwatches-20210817/,https://cdn.androidcommunity.com/wp-content/uploads/2021/08/hero-2.max-1000x1000-1.jpg,2021-08-17T14:41:11Z,Some people are satisfied with the wristbands that come with their wearables while some would prefer to have the option to change them every once in a while. Fitbit has partnered with various brands … [+2128 chars]
75,"{'id': None, 'name': 'The Indian Express'}",ENS Economic Bureau,"Kumar Mangalam Birla: ‘Uncertainty not gone, yet there are more silver linings today’","In FY22, the economy is projected to grow at a little below 10 per cent. Vaccination is picking up pace, which would improve India’s resilience against a potential third wave, Aditya birla Group chairman Kumar Mangalam Birla said.",https://indianexpress.com/article/business/kumar-mangalam-birla-uncertainty-not-gone-yet-there-are-more-silver-linings-today-7460439/,https://images.indianexpress.com/2021/08/ch1057739.jpg,2021-08-18T22:00:33Z,"The economy is rapidly normalising towards pre-pandemic activity levels even as uncertainty exists about coronavirus mutations and repeated infection waves, Aditya birla Group chairman Kumar Mangalam… [+1794 chars]"
76,"{'id': None, 'name': 'Brooklyn Vegan'}",Bill Pearis,"Silver Synthetic touring this fall, including Levitation, Gonerfest & more","Silver Synthetic, the New Orleans psych-pop band featuring members of Bottomfeeders and JEFF The Brotherhood, released their excellent self-titled debut album earlier this year via Third Man.
Continue reading…",https://www.brooklynvegan.com/silver-synthetic-touring-this-fall-including-levitation-gonerfest-more/,https://townsquare.media/site/838/files/2021/08/attachment-silver-synthetic.jpeg?w=1200&h=0&zc=1&s=0&a=t&q=89,2021-08-17T18:22:16Z,"Silver Synthetic, the New Orleans band featuring members of Bottomfeeders and JEFF The Brotherhood, released their excellent self-titled debut album earlier this year via Third Man. It's loaded with … [+1504 chars]"
77,"{'id': None, 'name': 'The Indian Express'}",PTI,"Silver for Ravinder; Yash, Patil; Anirudh grabs bronze; Biapasha moves into final","Making full use of repechage route, Yash (74kg), Pruthvi Babasehb Patil (92kg) and Anirudh (125kg) grabbed bronze medals as India finished their men's free style campaign with six medals.",https://indianexpress.com/article/sports/sport-others/silver-for-ravinder-yash-patil-anirudh-grabs-bronze-biapasha-moves-into-final-7460306/,https://images.indianexpress.com/2021/08/Screenshot-2021-08-18T215006.046.png,2021-08-18T16:31:18Z,Ravinder settled for a silver medal after being outwitted by his Iranian opponent but Bipasha emerged a surprise finalist in the women’s 76kg to keep India’s gold medal hopes alive at the junior worl… [+2565 chars]
78,"{'id': None, 'name': 'Forbes'}","Michael LoRé, Contributor, 
 Michael LoRé, Contributor
 https://www.forbes.com/sites/michaellore/","Tatyana McFadden Talks 2020 Paralympics, Mental Health And Overcoming A Career-Threatening Condition",The world’s best female wheelchair racer of all-time won four gold medals and two silver at the 2016 Rio Olympics.,https://www.forbes.com/sites/michaellore/2021/08/19/tatyana-mcfadden-talks-2020-paralympics-mental-health-and-overcoming-a-career-threatening-condition/,https://thumbor.forbes.com/thumbor/fit-in/1200x0/filters%3Aformat%28jpg%29/https%3A%2F%2Fspecials-images.forbesimg.com%2Fimageserve%2F611d79e5122bb3e06716ca62%2F0x0.jpg,2021-08-19T12:00:00Z,"Tatyana McFadden won six medals (four gold, two silver) at the 2016 Paralympics in Rio. (Photo by ... [+] Friedemann Vogel/Getty Images)
Getty Images
Coming off her greatest performance at the 2016… [+5586 chars]"
79,"{'id': None, 'name': 'AppleInsider'}",news@appleinsider.com (Christine McKee),"Deals: 24-inch iMac on sale from $1,219, every config discounted","Back-to-school iMac deals continue to drive down prices, and the latest 24-inch M1 iMac is no exception. Pick up the standard model for $1,219 — or save up to $130 on every upgraded config — with exclusive promo code savings in addition to a discount on Apple…",https://appleinsider.com/articles/21/08/18/deals-24-inch-imac-on-sale-from-1219-every-config-discounted,https://photos5.appleinsider.com/gallery/43846-85286-24-inch-imac-sale-xl.jpg,2021-08-18T16:35:44Z,"Back-to-school iMac deals continue to drive down prices, and the latest 24-inch M1 iMac is no exception. Pick up the standard model for $1,219 — or save up to $130 on every upgraded config — with exc… [+1753 chars]"
80,"{'id': None, 'name': 'Visual.ly'}",elegant4you0,925 Sterling Silver Rings,Celebrate your Golden memories with 925 sterling silver rings...Elegant4u is presenting 925 sterling silver rings in different designs to make your co,https://visual.ly/community/Infographics/business/925-sterling-silver-rings,https://thumbnails-visually.netdna-ssl.com/925-sterling-silver-rings_611b49a780d5b_w250_h250.jpg,2021-08-17T05:31:19Z,Elegant4you Hello pretty ladies! A shining smile wants shining jewelry to magnify your beauty. You're gonna love our collection. Buy from our shiny collection today. Visit our online store at Elegant… [+269 chars]
81,"{'id': None, 'name': 'The Guardian'}",Paul Campbell,"Sports quiz of the week: Premier League, Paralympics and Pacquiao",Who cost a fortune? Who gave away the prize? Who left it late?Maria Andrejczyk won a silver medal in the javelin at the Olympics in Tokyo. What has she done with her medal?She melted it down and turned it into a wedding ringShe had it plated with gold as she …,https://amp.theguardian.com/sport/2021/aug/20/sports-quiz-week-romelu-lukaku-paralympics-manny-pacquiao-football,https://i.guim.co.uk/img/media/631e5500c9e1313cb6620ec749a5391b4bbf9556/0_165_4406_2644/master/4406.jpg?width=1200&height=630&quality=85&auto=format&fit=crop&overlay-align=bottom%2Cleft&overlay-width=100p&overlay-base64=L2ltZy9zdGF0aWMvb3ZlcmxheXMvdGctZGVmYXVsdC5wbmc&enable=upscale&s=e5f3a67194b54451c86cde1df6ecbcf4,2021-08-20T14:17:42Z,Who cost a fortune? Who gave away the prize? Who left it late?
82,"{'id': None, 'name': 'Android Central'}",Chris Wedel,Is the Samsung Galaxy Watch 4 Classic worth upgrading your Galaxy Watch 3,"The new king

Samsung Galaxy Watch 4 Classic



From $350 at Amazon
From $350 at Best Buy
From $350 at Walmart

Pros


Runs the new Wear OS 3
Advanced 3-in-1 health sensor
Faster performance
More memory and storage
Longer software support
Improved display res…",https://www.androidcentral.com/samsung-galaxy-watch-4-classic-vs-galaxy-watch-3,https://www.androidcentral.com/sites/androidcentral.com/files/styles/large/public/article_images/2021/08/samsung-galaxy-watch-4-classic-hands-on-2.jpg,2021-08-20T14:00:02Z,"Samsung has taken all of the features that made its previous generation of smartwatches great and made them even better with the Galaxy Watch 4 Classic. With improved performance, battery life, new a… [+8607 chars]"
83,"{'id': None, 'name': 'HYPEBEAST'}","info@hypebeast.com (HYPEBEAST), HYPEBEAST","MoMA Design Store's Fall-Ready ""Team MoMa"" Collection Just Launched","MoMa Design Store has been semi-active this Summer with product initiatives as it's aligned with MEDICOM TOY for a ""Starry Night"" BE@RBRICK team-up and linked with PANGAIA and Takashi Murakami for a collaborative apparel. And as the warm weather season starts…",https://hypebeast.com/2021/8/moma-design-store-champion-crewnecks-hoodies-beanies-release-info,https://image-cdn.hypb.st/https%3A%2F%2Fhypebeast.com%2Fimage%2F2021%2F08%2Fmoma-design-store-champion-crewnecks-hoodies-beanies-release-info-tw.jpg?w=960&cbr=1&q=90&fit=max,2021-08-18T22:07:37Z,MoMa Design Store has been semi-active this Summer with product initiatives as it’s aligned with MEDICOM TOY for a “Starry Night” BE@RBRICK team-up and linked with PANGAIA and Takashi Murakami for a … [+1313 chars]
84,"{'id': None, 'name': 'Jalopnik'}",Mercedes Streeter,"Check Out This Huge Battery Power Bank That Can Replace Your Smelly, Loud Generator","Over the past few weeks we’ve looked at the humble digital caliper, a tool that makes measuring easy, if not fun; a vacuum purge and refill kit that helps ensure your cooling system is properly serviced; and a crowfoot wrench, a tool that allows you to turn a…",https://jalopnik.com/check-out-this-huge-battery-power-bank-that-can-replace-1847529428,"https://i.kinja-img.com/gawker-media/image/upload/c_fill,f_auto,fl_progressive,g_center,h_675,pg_1,q_80,w_1200/796b55c1220c4fbc00b39ae90f67e099.png",2021-08-20T22:45:00Z,"Over the past few weeks weve looked at the humble digital caliper, a tool that makes measuring easy, if not fun; a vacuum purge and refill kit that helps ensure your cooling system is properly servic… [+3314 chars]"
85,"{'id': None, 'name': 'HYPEBEAST'}","info@hypebeast.com (HYPEBEAST), HYPEBEAST","Our Legacy Decks the Camion Mule in ""Caramel Hair on Hide""","Our Legacy outdid itself for Fall 2021, taking staples and traditional pieces to entirely new heights by utilizing materials, construction, and prints, and now some of the season's greatest footwear has dropped online -- notably, the Camion Mule in ""Caramel H…",https://hypebeast.com/2021/8/our-legacy-camion-mule-caramel-hair-hide-leather-luxury-minimal-release-information-fall-2021,https://image-cdn.hypb.st/https%3A%2F%2Fhypebeast.com%2Fimage%2F2021%2F08%2Four-legacy-camion-mule-caramel-hair-hide-leather-luxury-minimal-release-information-fall-2021-tw.jpg?w=960&cbr=1&q=90&fit=max,2021-08-19T11:40:55Z,"Our Legacy outdid itself for Fall 2021, taking staples and traditional pieces to entirely new heights by utilizing materials, construction, and prints, and now some of the season’s greatest footwear … [+1092 chars]"
86,"{'id': 'bbc-news', 'name': 'BBC News'}",https://www.facebook.com/bbcnews,Belgium stabbing suspect won’t be charged over unborn baby’s death,"A man in Belgium is charged with allegedly stabbing his partner, but not her unborn baby's death.",https://www.bbc.co.uk/news/world-europe-58268825,https://ichef.bbci.co.uk/news/1024/branded_news/4260/production/_120029961_gettyimages-78514429-594x594.jpg,2021-08-19T13:52:28Z,"By Joshua NevettBBC News
image captionProsecutors say the man stabbed his pregnant partner several times after an argument
A man who allegedly stabbed his nine months pregnant partner has been arre… [+3154 chars]"
87,"{'id': None, 'name': 'Yanko Design'}",Shawn McNulty-Kowal,Japanese Zen Gardens + Art Deco are the inspiration behind this furniture and tableware collection!,Japanese Zen Gardens + Art Deco are the inspiration behind this furniture and tableware collection!Architect André Fu’s new Art Deco Collection features handcrafted homeware and furnishings inspired by ornate Art Deco silhouettes and the serenity of tradition…,https://www.yankodesign.com/2021/08/19/japanese-zen-gardens-art-deco-are-the-inspiration-behind-this-furniture-and-tableware-collection/,https://www.yankodesign.com/images/design_news/2021/08/auto-draft/10_artdecogarden_andrefu_artdecointerior.jpg,2021-08-19T16:31:12Z,"Architect André Fu’s new Art Deco Collection features handcrafted homeware and furnishings inspired by ornate Art Deco silhouettes and the serenity of traditional Japanese Zen Gardens.
Inspired by t… [+2270 chars]"
88,"{'id': None, 'name': 'HYPEBEAST'}","info@hypebeast.com (HYPEBEAST), HYPEBEAST","ASICS' GEL-1130 Arrives in ""Pure Gold"" and ""Polar Shade""","ASICS' GEL-1130 is a homage to the brand's GEL-1000 running series, and was recently given an extra push due to its involvement in Kiko Kostadinov Studio's in-line set of lifestyle releases. Now, the GEL-1130 is back — sans the touch of Kiko's design crew — w…",https://hypebeast.com/2021/8/asics-gel-1130-pure-gold-polar-shade-1201a256-103-104-release-date,https://image-cdn.hypb.st/https%3A%2F%2Fhypebeast.com%2Fimage%2F2021%2F08%2Fasics-gel-1130-pure-gold-polar-shade-1201a256-103-104-release-date-tw.jpg?w=960&cbr=1&q=90&fit=max,2021-08-20T17:40:57Z,"ASICS
‘ GEL-1130 is a homage to the brand’s GEL-1000 running series, and was recently given an extra push due to its involvement in Kiko Kostadinov Studio’s in-line set of lifestyle releases. Now, t… [+997 chars]"
89,"{'id': None, 'name': 'Brainpickings.org'}",Maria Popova,Recovering the Wonder of Flight: “Little Prince” Author Antoine de Saint-Exupéry on Finding the Miraculous in the Mechanical,"""In anything at all, perfection is finally attained not when there is no longer anything to add, but when there is no longer anything to take away, when a body has been stripped down to its nakedness.""",https://www.brainpickings.org/2021/08/19/saint-exupery-wind-sand-stars-airplane/,https://i2.wp.com/www.brainpickings.org/wp-content/uploads/2014/05/pilotlittleprince.jpg?fit=560%2C294&ssl=1,2021-08-19T22:49:31Z,"I am sitting on an airplane, uneasy and grateful amid the sea of masks. 
I am sitting on an airplane — this silver triumph of physics and imagination centuries in the dreaming — watching the cotton-… [+4322 chars]"
90,"{'id': None, 'name': 'Brooklyn Vegan'}",BrooklynVegan Staff,"Tour news: Preservation Hall Jazz Band, SAINt JHN, Bush / Stone Temple Pilots, more","Plus: Move / Buggin / Zulu , Valley of the Vapors Fest lineup, Korn, Robert Glasper, Circuit Des Yeux, Silver Synthetic, and more tour and festival news.
Continue reading…",https://www.brooklynvegan.com/tour-news-preservation-hall-jazz-band-saint-jhn-bush-stone-temple-pilots-more/,https://townsquare.media/site/838/files/2021/08/attachment-preservation-hall-jazz-band.jpeg?w=1200&h=0&zc=1&s=0&a=t&q=89,2021-08-17T21:30:19Z,"Here's a roundup of recent tour news. Check the Tour Dates category for more.
PRESERVATION HALL JAZZ BAND
New Orleans' Preservation Hall Jazz Band will be on tour this summer and fall. They've got … [+3157 chars]"
91,"{'id': None, 'name': 'BGR'}",Chris Hachey,"5 Best Men’s Watches 2021: Citizen, Timex, more","Despite living in the digital age — where the time is readily available on every laptop, smartphone, and tablet in the world — the need for a solid watch, perhaps unsurprisingly, hasn’t been diminished. Sure, a watch is probably the last thing you’ll use to c…",https://bgr.com/guides/best-mens-watches/,https://bgr.com/wp-content/uploads/2019/07/mens-watch-e1629470483436.jpg?quality=70&strip=all,2021-08-20T14:35:56Z,"Despite living in the digital age — where the time is readily available on every laptop, smartphone, and tablet in the world — the need for a solid watch, perhaps unsurprisingly, hasn’t been diminish… [+5885 chars]"
92,"{'id': None, 'name': 'HYPEBEAST'}","info@hypebeast.com (HYPEBEAST), HYPEBEAST","In-Hand Look at the Air Jordan 4 ""Shimmer""","It's been a busy start to the week in terms of upcoming Air Jordan releases from Jordan Brand: yesterday we saw on-foot shots of the Air Jordan 1 ""Hand Crafted,"" and today we've been given an in-hand look at the women's Air Jordan 4 ""Shimmer."" An elegant tan …",https://hypebeast.com/2021/8/air-jordan-4-shimmer-release-info,https://image-cdn.hypb.st/https%3A%2F%2Fhypebeast.com%2Fimage%2F2021%2F08%2Fair-jordan-4-shimmer-release-info-tw.jpg?w=960&cbr=1&q=90&fit=max,2021-08-17T16:03:51Z,"It’s been a busy start to the week in terms of upcoming Air Jordan releases from Jordan Brand: yesterday we saw on-foot shots of the Air Jordan 1 “Hand Crafted,” and today we’ve been given an in-hand… [+1117 chars]"
93,"{'id': None, 'name': 'HYPEBEAST'}","info@hypebeast.com (HYPEBEAST), HYPEBEAST",Roku Orders More Full-Length Episodes of 'Reno 911!',"Reno 911! fans will be delighted to learn that Roku has now ordered more episodes of the cult classic comedy.According to Variety, Roku Channel — which picked up the Emmy-nominated series after Quibi shut down last year — has ordered four additional episodes,…",https://hypebeast.com/2021/8/roku-reno-911-new-episodes-ordered-info,https://image-cdn.hypb.st/https%3A%2F%2Fhypebeast.com%2Fimage%2F2021%2F08%2Froku-reno-911-new-episodes-ordered-tw.jpg?w=960&cbr=1&q=90&fit=max,2021-08-19T06:50:39Z,"Reno911! fans will be delighted to learn that Roku has now ordered more episodes of the cult classic comedy.
According to Variety, Roku Channel which picked up the Emmy-nominated series after Quibi … [+1074 chars]"
94,"{'id': None, 'name': 'HYPEBEAST'}","info@hypebeast.com (HYPEBEAST), HYPEBEAST",Nintendo’s 'Pokémon;-Themed Switch Lite Is a Throwback to Its DS Lite Sibling,"In celebration of the launch of Pokémon Brilliant Diamond and Shining Pearl on the Switch, Nintendo is now dropping a new Switch Lite console emblazoned with the two legendary beasts Dialga and Palkia.For longtime fans of Nintendo and the Pokémon franchise, y…",https://hypebeast.com/2021/8/nintendo-switch-lite-pokemon-brilliant-diamond-shining-pearl-dialga-palkia-edition,https://image-cdn.hypb.st/https%3A%2F%2Fhypebeast.com%2Fimage%2F2021%2F08%2Fnintendo-switch-lite-pokemon-brilliant-diamond-shining-pearl-dialga-palkia-edition-tw.jpg?w=960&cbr=1&q=90&fit=max,2021-08-19T06:51:25Z,"In celebration of the launch of Pokémon Brilliant Diamond and Shining Pearl on the Switch, Nintendo is now dropping a new Switch Lite console emblazoned with the two legendary beasts Dialga and Palki… [+829 chars]"
95,"{'id': None, 'name': 'HYPEBEAST'}","info@hypebeast.com (HYPEBEAST), HYPEBEAST",MIZUNO Taps Hajime Sorayama for a Dark Metallic WAVE PROPHECY,MIZUNO has revealed its latest collaborative sneakers with artist Hajime Sorayama based on the brand's flagship WAVE PROPHECY silhouette.The first edition of the WAVE PROPHECY SORAYAMA was revealed at the beginning of the year dressed in silver. This time aro…,https://hypebeast.com/2021/8/mizuno-wave-prophecy-hajime-sorayama-2nd-model-release-info,https://image-cdn.hypb.st/https%3A%2F%2Fhypebeast.com%2Fimage%2F2021%2F08%2Fmizuno-wave-prophecy-hajime-sorayama-2nd-model-release-info-tw.jpg?w=960&cbr=1&q=90&fit=max,2021-08-19T10:09:09Z,"MIZUNO has revealed its latest collaborative sneakers with artist Hajime Sorayama based on the brand’s flagship WAVE PROPHECY silhouette.
The first edition of the WAVE PROPHECY SORAYAMA was revealed… [+1081 chars]"
96,"{'id': None, 'name': 'HYPEBEAST'}","info@hypebeast.com (HYPEBEAST), HYPEBEAST","Jahan Loh Celebrates G-SHOCK's Steel ""CasiOak"" With Futuristic Animated Short","In celebration of one of G-SHOCK's most popular models in recent years, Singaporean contemporary artist Jahan Loh has once again teamed up with the Japanese watchmaker, this time creating an animated short of a futuristic Singapore featuring the now fan-favor…",https://hypebeast.com/2021/8/jahan-loh-g-shock-steel-casioak-gm-2100-animated-short,https://image-cdn.hypb.st/https%3A%2F%2Fhypebeast.com%2Fimage%2F2021%2F08%2Fjahan-loh-g-shock-steel-casioak-gm-2100-animated-short-tw.jpg?w=960&cbr=1&q=90&fit=max,2021-08-17T10:11:13Z,"In celebration of one of G-SHOCK‘s most popular models in recent years, Singaporean contemporary artist Jahan Loh has once again teamed up with the Japanese watchmaker, this time creating an animated… [+953 chars]"
97,"{'id': None, 'name': 'Deadspin'}",Donovan Dooley,Sha’Carri Richardson finally has an opportunity to shut up her haters,This weekend will mark the first time that we’ll see Sha’Carri Richardson on a track since her Olympic dreams were put on hold.Read more...,https://deadspin.com/sha-carri-richardson-finally-has-an-opportunity-to-shut-1847518836,"https://i.kinja-img.com/gawker-media/image/upload/c_fill,f_auto,fl_progressive,g_center,h_675,pg_1,q_80,w_1200/6519df1ed3fc3dd50278e4b6dbb655e6.jpg",2021-08-19T17:54:00Z,"This weekend will mark the first time that well see ShaCarri Richardson on a track since her Olympic dreams were put on hold.
Richardson was the focal point of conversations about mental health, mar… [+1875 chars]"
98,"{'id': None, 'name': 'Rolling Stone'}",Claire Shaffer,Willow Smith Announces 2021 Life Tour,Singer will also be supporting Billie Eilish on her 2022 tour,https://www.rollingstone.com/music/music-news/willow-smith-2021-life-tour-1214208/,https://www.rollingstone.com/wp-content/uploads/2021/08/willow-smith-2.jpeg,2021-08-19T14:34:41Z,"Willow Smith has announced dates for her headlining fall 2021 tour, dubbed the Life Tour (stylized as lifE).
The 19-date trek kicks off September 14th at the Observatory in Santa Ana, California, an… [+2399 chars]"
99,"{'id': None, 'name': 'HYPEBEAST'}","info@hypebeast.com (HYPEBEAST), HYPEBEAST","adidas Adds Iridescent Three Stripes to the 4DFWD ""Core Black""","adidas has a knack for debuting a silhouette and, before you know it, releasing numerous colorways to infiltrate the market, but while this often ends up with shoes on the sale rack we don't think the same can be said for the Three Stripes' latest 4DFWD offer…",https://hypebeast.com/2021/8/adidas-4dfwd-core-black-cloud-white-carbon-q46447-q46448-release-information,https://image-cdn.hypb.st/https%3A%2F%2Fhypebeast.com%2Fimage%2F2021%2F08%2Fadidas-4dfwd-core-black-cloud-white-carbon-Q46447-Q46448-release-information-tw.jpg?w=960&cbr=1&q=90&fit=max,2021-08-18T14:09:34Z,"adidas
 has a knack for debuting a silhouette and, before you know it, releasing numerous colorways to infiltrate the market, but while this often ends up with shoes on the sale rack we don’t think … [+1469 chars]"
